{
  "shape": [
    26459,
    33
  ],
  "columns": [
    "Inventory of Operating Generators as of October 2024",
    "Unnamed: 1",
    "Unnamed: 2",
    "Unnamed: 3",
    "Unnamed: 4",
    "Unnamed: 5",
    "Unnamed: 6",
    "Unnamed: 7",
    "Unnamed: 8",
    "Unnamed: 9",
    "Unnamed: 10",
    "Unnamed: 11",
    "Unnamed: 12",
    "Unnamed: 13",
    "Unnamed: 14",
    "Unnamed: 15",
    "Unnamed: 16",
    "Unnamed: 17",
    "Unnamed: 18",
    "Unnamed: 19",
    "Unnamed: 20",
    "Unnamed: 21",
    "Unnamed: 22",
    "Unnamed: 23",
    "Unnamed: 24",
    "Unnamed: 25",
    "Unnamed: 26",
    "Unnamed: 27",
    "Unnamed: 28",
    "Unnamed: 29",
    "Unnamed: 30",
    "Unnamed: 31",
    "Unnamed: 32"
  ],
  "dtypes": {
    "Inventory of Operating Generators as of October 2024": "object",
    "Unnamed: 1": "object",
    "Unnamed: 2": "object",
    "Unnamed: 3": "object",
    "Unnamed: 4": "object",
    "Unnamed: 5": "object",
    "Unnamed: 6": "object",
    "Unnamed: 7": "object",
    "Unnamed: 8": "object",
    "Unnamed: 9": "object",
    "Unnamed: 10": "object",
    "Unnamed: 11": "object",
    "Unnamed: 12": "object",
    "Unnamed: 13": "object",
    "Unnamed: 14": "object",
    "Unnamed: 15": "object",
    "Unnamed: 16": "object",
    "Unnamed: 17": "object",
    "Unnamed: 18": "object",
    "Unnamed: 19": "object",
    "Unnamed: 20": "object",
    "Unnamed: 21": "object",
    "Unnamed: 22": "object",
    "Unnamed: 23": "object",
    "Unnamed: 24": "object",
    "Unnamed: 25": "object",
    "Unnamed: 26": "object",
    "Unnamed: 27": "object",
    "Unnamed: 28": "object",
    "Unnamed: 29": "object",
    "Unnamed: 30": "object",
    "Unnamed: 31": "object",
    "Unnamed: 32": "object"
  },
  "null_counts": {
    "Inventory of Operating Generators as of October 2024": 2,
    "Unnamed: 1": 3,
    "Unnamed: 2": 3,
    "Unnamed: 3": 3,
    "Unnamed: 4": 3,
    "Unnamed: 5": 3,
    "Unnamed: 6": 3,
    "Unnamed: 7": 4,
    "Unnamed: 8": 755,
    "Unnamed: 9": 3,
    "Unnamed: 10": 3,
    "Unnamed: 11": 24251,
    "Unnamed: 12": 3,
    "Unnamed: 13": 3,
    "Unnamed: 14": 3,
    "Unnamed: 15": 3,
    "Unnamed: 16": 3,
    "Unnamed: 17": 3,
    "Unnamed: 18": 3,
    "Unnamed: 19": 3,
    "Unnamed: 20": 4,
    "Unnamed: 21": 4,
    "Unnamed: 22": 3,
    "Unnamed: 23": 3,
    "Unnamed: 24": 3,
    "Unnamed: 25": 3,
    "Unnamed: 26": 3,
    "Unnamed: 27": 7,
    "Unnamed: 28": 3,
    "Unnamed: 29": 3,
    "Unnamed: 30": 3,
    "Unnamed: 31": 3,
    "Unnamed: 32": 3
  },
  "sample_data": [
    {
      "Inventory of Operating Generators as of October 2024": NaN,
      "Unnamed: 1": NaN,
      "Unnamed: 2": NaN,
      "Unnamed: 3": NaN,
      "Unnamed: 4": NaN,
      "Unnamed: 5": NaN,
      "Unnamed: 6": NaN,
      "Unnamed: 7": NaN,
      "Unnamed: 8": NaN,
      "Unnamed: 9": NaN,
      "Unnamed: 10": NaN,
      "Unnamed: 11": NaN,
      "Unnamed: 12": NaN,
      "Unnamed: 13": NaN,
      "Unnamed: 14": NaN,
      "Unnamed: 15": NaN,
      "Unnamed: 16": NaN,
      "Unnamed: 17": NaN,
      "Unnamed: 18": NaN,
      "Unnamed: 19": NaN,
      "Unnamed: 20": NaN,
      "Unnamed: 21": NaN,
      "Unnamed: 22": NaN,
      "Unnamed: 23": NaN,
      "Unnamed: 24": NaN,
      "Unnamed: 25": NaN,
      "Unnamed: 26": NaN,
      "Unnamed: 27": NaN,
      "Unnamed: 28": NaN,
      "Unnamed: 29": NaN,
      "Unnamed: 30": NaN,
      "Unnamed: 31": NaN,
      "Unnamed: 32": NaN
    },
    {
      "Inventory of Operating Generators as of October 2024": "Entity ID",
      "Unnamed: 1": "Entity Name",
      "Unnamed: 2": "Plant ID",
      "Unnamed: 3": "Plant Name",
      "Unnamed: 4": "Google Map",
      "Unnamed: 5": "Bing Map",
      "Unnamed: 6": "Plant State",
      "Unnamed: 7": "County",
      "Unnamed: 8": "Balancing Authority Code",
      "Unnamed: 9": "Sector",
      "Unnamed: 10": "Generator ID",
      "Unnamed: 11": "Unit Code",
      "Unnamed: 12": "Nameplate Capacity (MW)",
      "Unnamed: 13": "Net Summer Capacity (MW)",
      "Unnamed: 14": "Net Winter Capacity (MW)",
      "Unnamed: 15": "Technology",
      "Unnamed: 16": "Energy Source Code",
      "Unnamed: 17": "Prime Mover Code",
      "Unnamed: 18": "Operating Month",
      "Unnamed: 19": "Operating Year",
      "Unnamed: 20": "Planned Retirement Month",
      "Unnamed: 21": "Planned Retirement Year",
      "Unnamed: 22": "Status",
      "Unnamed: 23": "Nameplate Energy Capacity (MWh)",
      "Unnamed: 24": "DC Net Capacity (MW)",
      "Unnamed: 25": "Planned Derate Year",
      "Unnamed: 26": "Planned Derate Month",
      "Unnamed: 27": "Planned Derate of Summer Capacity (MW)",
      "Unnamed: 28": "Planned Uprate Year",
      "Unnamed: 29": "Planned Uprate Month",
      "Unnamed: 30": "Planned Uprate of Summer Capacity (MW)",
      "Unnamed: 31": "Latitude",
      "Unnamed: 32": "Longitude"
    },
    {
      "Inventory of Operating Generators as of October 2024": 63560,
      "Unnamed: 1": "Sand Point Generating, LLC",
      "Unnamed: 2": 1,
      "Unnamed: 3": "Sand Point",
      "Unnamed: 4": "Map",
      "Unnamed: 5": "Map",
      "Unnamed: 6": "AK",
      "Unnamed: 7": "Aleutians East",
      "Unnamed: 8": NaN,
      "Unnamed: 9": "Electric Utility",
      "Unnamed: 10": "1",
      "Unnamed: 11": NaN,
      "Unnamed: 12": 0.9,
      "Unnamed: 13": 0.4,
      "Unnamed: 14": 0.4,
      "Unnamed: 15": "Petroleum Liquids",
      "Unnamed: 16": "DFO",
      "Unnamed: 17": "IC",
      "Unnamed: 18": 12,
      "Unnamed: 19": 2000,
      "Unnamed: 20": " ",
      "Unnamed: 21": " ",
      "Unnamed: 22": "(SB) Standby/Backup: available for service but not normally used",
      "Unnamed: 23": " ",
      "Unnamed: 24": " ",
      "Unnamed: 25": " ",
      "Unnamed: 26": " ",
      "Unnamed: 27": " ",
      "Unnamed: 28": " ",
      "Unnamed: 29": " ",
      "Unnamed: 30": " ",
      "Unnamed: 31": 55.339722,
      "Unnamed: 32": -160.4972
    },
    {
      "Inventory of Operating Generators as of October 2024": 63560,
      "Unnamed: 1": "Sand Point Generating, LLC",
      "Unnamed: 2": 1,
      "Unnamed: 3": "Sand Point",
      "Unnamed: 4": "Map",
      "Unnamed: 5": "Map",
      "Unnamed: 6": "AK",
      "Unnamed: 7": "Aleutians East",
      "Unnamed: 8": NaN,
      "Unnamed: 9": "Electric Utility",
      "Unnamed: 10": "2",
      "Unnamed: 11": NaN,
      "Unnamed: 12": 0.9,
      "Unnamed: 13": 0.3,
      "Unnamed: 14": 0.3,
      "Unnamed: 15": "Petroleum Liquids",
      "Unnamed: 16": "DFO",
      "Unnamed: 17": "IC",
      "Unnamed: 18": 12,
      "Unnamed: 19": 2000,
      "Unnamed: 20": " ",
      "Unnamed: 21": " ",
      "Unnamed: 22": "(OP) Operating",
      "Unnamed: 23": " ",
      "Unnamed: 24": " ",
      "Unnamed: 25": " ",
      "Unnamed: 26": " ",
      "Unnamed: 27": " ",
      "Unnamed: 28": " ",
      "Unnamed: 29": " ",
      "Unnamed: 30": " ",
      "Unnamed: 31": 55.339722,
      "Unnamed: 32": -160.4972
    },
    {
      "Inventory of Operating Generators as of October 2024": 63560,
      "Unnamed: 1": "Sand Point Generating, LLC",
      "Unnamed: 2": 1,
      "Unnamed: 3": "Sand Point",
      "Unnamed: 4": "Map",
      "Unnamed: 5": "Map",
      "Unnamed: 6": "AK",
      "Unnamed: 7": "Aleutians East",
      "Unnamed: 8": NaN,
      "Unnamed: 9": "Electric Utility",
      "Unnamed: 10": "3",
      "Unnamed: 11": NaN,
      "Unnamed: 12": 0.5,
      "Unnamed: 13": 0.3,
      "Unnamed: 14": 0.3,
      "Unnamed: 15": "Petroleum Liquids",
      "Unnamed: 16": "DFO",
      "Unnamed: 17": "IC",
      "Unnamed: 18": 12,
      "Unnamed: 19": 2010,
      "Unnamed: 20": " ",
      "Unnamed: 21": " ",
      "Unnamed: 22": "(OP) Operating",
      "Unnamed: 23": " ",
      "Unnamed: 24": " ",
      "Unnamed: 25": " ",
      "Unnamed: 26": " ",
      "Unnamed: 27": " ",
      "Unnamed: 28": " ",
      "Unnamed: 29": " ",
      "Unnamed: 30": " ",
      "Unnamed: 31": 55.339722,
      "Unnamed: 32": -160.4972
    },
    {
      "Inventory of Operating Generators as of October 2024": 63560,
      "Unnamed: 1": "Sand Point Generating, LLC",
      "Unnamed: 2": 1,
      "Unnamed: 3": "Sand Point",
      "Unnamed: 4": "Map",
      "Unnamed: 5": "Map",
      "Unnamed: 6": "AK",
      "Unnamed: 7": "Aleutians East",
      "Unnamed: 8": NaN,
      "Unnamed: 9": "Electric Utility",
      "Unnamed: 10": "5.1",
      "Unnamed: 11": NaN,
      "Unnamed: 12": 0.4,
      "Unnamed: 13": 0.3,
      "Unnamed: 14": 0.3,
      "Unnamed: 15": "Petroleum Liquids",
      "Unnamed: 16": "DFO",
      "Unnamed: 17": "IC",
      "Unnamed: 18": 2,
      "Unnamed: 19": 2023,
      "Unnamed: 20": " ",
      "Unnamed: 21": " ",
      "Unnamed: 22": "(OP) Operating",
      "Unnamed: 23": " ",
      "Unnamed: 24": " ",
      "Unnamed: 25": " ",
      "Unnamed: 26": " ",
      "Unnamed: 27": " ",
      "Unnamed: 28": " ",
      "Unnamed: 29": " ",
      "Unnamed: 30": " ",
      "Unnamed: 31": 55.339722,
      "Unnamed: 32": -160.4972
    },
    {
      "Inventory of Operating Generators as of October 2024": 63560,
      "Unnamed: 1": "Sand Point Generating, LLC",
      "Unnamed: 2": 1,
      "Unnamed: 3": "Sand Point",
      "Unnamed: 4": "Map",
      "Unnamed: 5": "Map",
      "Unnamed: 6": "AK",
      "Unnamed: 7": "Aleutians East",
      "Unnamed: 8": NaN,
      "Unnamed: 9": "Electric Utility",
      "Unnamed: 10": "WT1",
      "Unnamed: 11": NaN,
      "Unnamed: 12": 0.5,
      "Unnamed: 13": 0.1,
      "Unnamed: 14": 0.1,
      "Unnamed: 15": "Onshore Wind Turbine",
      "Unnamed: 16": "WND",
      "Unnamed: 17": "WT",
      "Unnamed: 18": 10,
      "Unnamed: 19": 2011,
      "Unnamed: 20": " ",
      "Unnamed: 21": " ",
      "Unnamed: 22": "(OS) Out of service and NOT expected to return to service in next calendar year",
      "Unnamed: 23": " ",
      "Unnamed: 24": " ",
      "Unnamed: 25": " ",
      "Unnamed: 26": " ",
      "Unnamed: 27": " ",
      "Unnamed: 28": " ",
      "Unnamed: 29": " ",
      "Unnamed: 30": " ",
      "Unnamed: 31": 55.339722,
      "Unnamed: 32": -160.4972
    },
    {
      "Inventory of Operating Generators as of October 2024": 63560,
      "Unnamed: 1": "Sand Point Generating, LLC",
      "Unnamed: 2": 1,
      "Unnamed: 3": "Sand Point",
      "Unnamed: 4": "Map",
      "Unnamed: 5": "Map",
      "Unnamed: 6": "AK",
      "Unnamed: 7": "Aleutians East",
      "Unnamed: 8": NaN,
      "Unnamed: 9": "Electric Utility",
      "Unnamed: 10": "WT2",
      "Unnamed: 11": NaN,
      "Unnamed: 12": 0.5,
      "Unnamed: 13": 0.3,
      "Unnamed: 14": 0.3,
      "Unnamed: 15": "Onshore Wind Turbine",
      "Unnamed: 16": "WND",
      "Unnamed: 17": "WT",
      "Unnamed: 18": 10,
      "Unnamed: 19": 2011,
      "Unnamed: 20": " ",
      "Unnamed: 21": " ",
      "Unnamed: 22": "(OS) Out of service and NOT expected to return to service in next calendar year",
      "Unnamed: 23": " ",
      "Unnamed: 24": " ",
      "Unnamed: 25": " ",
      "Unnamed: 26": " ",
      "Unnamed: 27": " ",
      "Unnamed: 28": " ",
      "Unnamed: 29": " ",
      "Unnamed: 30": " ",
      "Unnamed: 31": 55.339722,
      "Unnamed: 32": -160.4972
    },
    {
      "Inventory of Operating Generators as of October 2024": 195,
      "Unnamed: 1": "Alabama Power Co",
      "Unnamed: 2": 2,
      "Unnamed: 3": "Bankhead Dam",
      "Unnamed: 4": "Map",
      "Unnamed: 5": "Map",
      "Unnamed: 6": "AL",
      "Unnamed: 7": "Tuscaloosa",
      "Unnamed: 8": "SOCO",
      "Unnamed: 9": "Electric Utility",
      "Unnamed: 10": "1",
      "Unnamed: 11": NaN,
      "Unnamed: 12": 53.9,
      "Unnamed: 13": 53,
      "Unnamed: 14": 53,
      "Unnamed: 15": "Conventional Hydroelectric",
      "Unnamed: 16": "WAT",
      "Unnamed: 17": "HY",
      "Unnamed: 18": 7,
      "Unnamed: 19": 1963,
      "Unnamed: 20": " ",
      "Unnamed: 21": " ",
      "Unnamed: 22": "(OP) Operating",
      "Unnamed: 23": " ",
      "Unnamed: 24": " ",
      "Unnamed: 25": " ",
      "Unnamed: 26": " ",
      "Unnamed: 27": " ",
      "Unnamed: 28": " ",
      "Unnamed: 29": " ",
      "Unnamed: 30": " ",
      "Unnamed: 31": 33.458665,
      "Unnamed: 32": -87.35682
    },
    {
      "Inventory of Operating Generators as of October 2024": 195,
      "Unnamed: 1": "Alabama Power Co",
      "Unnamed: 2": 3,
      "Unnamed: 3": "Barry",
      "Unnamed: 4": "Map",
      "Unnamed: 5": "Map",
      "Unnamed: 6": "AL",
      "Unnamed: 7": "Mobile",
      "Unnamed: 8": "SOCO",
      "Unnamed: 9": "Electric Utility",
      "Unnamed: 10": "1",
      "Unnamed: 11": NaN,
      "Unnamed: 12": 153.1,
      "Unnamed: 13": 80,
      "Unnamed: 14": 80,
      "Unnamed: 15": "Natural Gas Steam Turbine",
      "Unnamed: 16": "NG",
      "Unnamed: 17": "ST",
      "Unnamed: 18": 2,
      "Unnamed: 19": 1954,
      "Unnamed: 20": " ",
      "Unnamed: 21": " ",
      "Unnamed: 22": "(OP) Operating",
      "Unnamed: 23": " ",
      "Unnamed: 24": " ",
      "Unnamed: 25": " ",
      "Unnamed: 26": " ",
      "Unnamed: 27": " ",
      "Unnamed: 28": " ",
      "Unnamed: 29": " ",
      "Unnamed: 30": " ",
      "Unnamed: 31": 31.0069,
      "Unnamed: 32": -88.0103
    }
  ]
}
